S.No,Date,Time,Title,Processed_status,Publisher_info,pdf_link
1,21-08-2024,01:22:36,University Cricket Trials 2024-2025,1,"PRAVEEN SAROHA, OFFICER INCHARGE, PHYSICAL EDUCATION",https://www.imsnsit.org/imsnsit/plum_url.php?g3a+DY1Z9ELU1r0VWSmy6juXQCulZnVjJAlswBVlhT15rZMcrwccPJ/mK41Gs6USJSBF8GetJcI9qrmaUcynUXSRhcnIfN7TCggBp1WwaomlwQl1T2dkn12ZOioq/jJoFr1dLhodQ239ZuRqrGup1PVhNX3k9TST53g8E0NCS8GKITG3EZ/wpW/COUr+eDRmrqqfrXXIYy2zZpUSjYi6EQ==
2,21-08-2024,01:22:36,University Badminton Trials for First Year Students (Men and Women) category.,1,"PRAVEEN SAROHA, OFFICER INCHARGE, PHYSICAL EDUCATION",https://www.imsnsit.org/imsnsit/plum_url.php?eo5QKE4+y+54Da4OnmT/1ZU8kAegO42FjKDCamLE370wMTNUj5e+DZvBba1pwdCcK/x0fKKowv/JDS3hHNI2at6R7Jy443c3YGWTTzK1//Wdw4VvMHVmZUIKI7FaQJdOtFpBx2wxTN32iukGH+0ccCn5tU49PX3g2ZX0feJ3arHvfRROgvOTg4wI00K/24S5DrrYuaoyFr1U7oMN24nUNA==
3,20-08-2024,01:22:36,Session on Trends in Electronics and Semiconductors,1,"NITIN KUMAR, SECTION OFFICER (TRAINING & PLACEMENT), TRANING AND PLACEMENT",https://www.imsnsit.org/imsnsit/plum_url.php?40scl0+CoUvzgh7+2RXRq7vi4zTw6EjD9WoiTQbkV/OOrsjWY+R8ZLyWA/fIeUbP56q4nQZ/iAt2u2vxYi3hV3kuUb2ypS/2ZkCQ2FDBTg5VZP6keL9zEk/+qV8aDvERohPdmeFjdJ/ffPTur8cQZyaSJkpW8GJ5AajipMWu5lrYUJn+4dXnst7fjAoX3UkUGBppg2gkEeWk+ByPYaAIDQ==
4,20-08-2024,01:22:36,Selection Trials University Table Tenns (Men & Women) 2024-2025 Batch,1,"PRAVEEN SAROHA, OFFICER INCHARGE, PHYSICAL EDUCATION",https://www.imsnsit.org/imsnsit/plum_url.php?qwoddrMTdP9raxni0929YueyXgNEweJEOE/1R3o4jFPFRX159ZkIaMktLbX7j1VzuBPjrlaI6Acir6rDXQA1y79so58RFqXL/h96SDnkhWFCEySmL9RBOjljBtXdZAlQTgfMxR6uoCntHe229w0//wohYZst5Uh5i8Ly6OH7bc6RXe8ZjOpdOIQW/JJ/0nBlZjl7oqOJZiw5CcFRElut8Q==
5,20-08-2024,01:22:36,Notice for MBA 3rd semester students ( MAJOR PROJECT MBC2201),1,"RENU GHOSH, ASSISTANT PROFESSOR, MANAGEMENT STUDIES",https://www.imsnsit.org/imsnsit/plum_url.php?m0Rc9GzrcbF2t0iaeiLQh6F12LNlxTfus8zRC/7SaW7qpLipo10a49uTB6nM6Yl49EpjHgi78TiUN86TrxP65hpbu0sk7TwBsaSgdzfiggLtSx2a/G2p8ObsLV11RbLIyCik46sK+7IKxBrXaWkskNV0puAQ5cOjI2EFSxpJYDcdmbGSV/ZYtrGEOLniyHxI9MtmrdSumrsxGYTv/nWeW9ixa0Om8WF+UUmwIUV7tK5OcU0cPkHplzU/uxb2BOSY
6,18-08-2024,01:22:36,Classes of B. Tech 1st Semester Students with Branch Upgrades,1,"TARUN KUMAR RAWAT, CHAIRMAN, ADMISSION OFFICE",https://www.imsnsit.org/imsnsit/plum_url.php?/Eb5w+W/1lmSIGl4MWt3/FLgUU89Vi7dylPBdOjWBn3OERkUBHQ6vTv6Xns8KgBXMcLt6HBhGO/tX6Bor7Q3U0hOVH9LqBzm36m/G+LZpfKdJiXCsuR08Q7Dw/Fhi1mdHmx/xtWL4tgxEtfFxiqDWs+kN3tdOOcsLTwnLyeE4aEYzRidZl+O3S7i/bQ+ux0r+k8d+sTA2BIa5f66V3vJjJgIxQzfAKj65mpSKhZb1AM=
7,16-08-2024,01:22:36,NOTIFICATION REGARDING MANDATORY ATTENDANCE AND DISCIPLINARY ACTION FOR MASS BUNKING,1,"Published By: Mrs MAHESHWARI CHANDRA, SECTION OFFICER, ACADEMIC SECTION",https://www.imsnsit.org/imsnsit/plum_url.php?i6Gc7RqExWYDmBs6jlXcf6VPLOCPHwYgOiwvwHAn2TkqqDzqFmFcv1dZqPNqB1s4qXGyaaZPEBM5aBPekryo65LW9BeA/NDhCY+/j2216QlLmXpFWKLttwmjF1qBZbW90/v2A9WIiz00sRNY3fkxhqrv+KqK/ApYjKEdS+AWEkSxZJe8r4ExofJK0lPXKRfE
8,16-08-2024,01:22:36,"PENDING LIST FOR PM YASASVI CENTRAL SECTOR SCHEME OF TOP CLASS EDUCATION IN COLLEGE FOR OBC,EBC AND DNT STUDENTS",1,"Published By: Mrs MAHESHWARI CHANDRA, SECTION OFFICER, ACADEMIC SECTION",https://www.imsnsit.org/imsnsit/plum_url.php?aRgjaNe3cagxsS5lmEzxg6kJcXd0NwmCfjehSi7J77iBRPVH5/SfzTHaTcg2BI7qM7LHbVJzgwU4nWePubZVlPRE/pBrLsaeriDKsMaCR/BQZm7MWSzzJH32Em8OZt+H0fNhR7MoUhoXi/fCphPpAm8gDzswchtUgblBs5+JD+dKtvst+7xamZED4sSO+QdvJ6ICbeizDLAR+x6fFdQAHA==
9,16-08-2024,01:22:36,Re-registration for Odd semester courses and examination  dates for NSIT students,1,"LAMBODAR MISHRA, DATA PROCESSOR, EXAMINATION SECTION",https://www.imsnsit.org/imsnsit/plum_url.php?G2Y4VjuKHP2uR2DOwBVqfwKm4BdV8diqG2LAZeNa3n0s0OB8pvh9lZaYQDcaf7HllW+bvfDN7ED8EQTB2NmQ3aJBqkrYtlIokRFQJQxlZ5VcQtzaXxbs2quPrjA2mUXK/JEYtq9kCfllAT2PuTu/SDSj3V0Kh/p6NDTwQwl8LoZNQif3u2QvtMd8VOyU7aUNAN+umMyzIHu2QyNVlUNLKw==
10,14-08-2024,01:22:37,First Semester Backlog/Improvement Time table ( Only for Main Campus Students who are currently  in V and VII Semester),1,"SACHIN SHARMA, ASSISTANT PROFESSOR, MATHEMATICS",https://www.imsnsit.org/imsnsit/plum_url.php?Cj3j0tmVpSyQveDpGiy+C+0Vax4pCPAWqDjHiwF3o6p8jj06/oJDSGqoOAxdUWD5T6VxFPadZLm4mjCU03wlUVxQppLje2uBdg4PnCRMZOd1YXVBlerRpxNPPWgMQGgTl5XtAawucdblpJ9PwJTyKYZNzUj312kNRTHqHGou26e6c6xCgULf4f80nKw/66raCFtt9b1bj9dDQz/vdyzS7pROq00/+EeOKvX7gK3+zvU=
11,13-08-2024,01:22:37,Circular for Celebration of Independence Day-24.,1,"JAI PRAKASH SHARMA, DEAN STUDENT WELFARE OFFICE",https://www.imsnsit.org/imsnsit/plum_url.php?3zpGJh+V96oFQzwTf8e+Z52HJFvScGjN+RXSQonK6T94JpbZpbDJ8nGcBMpnkg9oE28/8l2X5SHl6hc6IE4mrw7Dq+Q+6xiYAvvCUmmjlMuDzMXwTfwrzhU4vqDsD4YK+nVfFF/fBkomSA7PV3SYHgYwtZYCdj8D35HH8qFW5zfjU23f/DeAsljkOkClwlgL
12,13-08-2024,01:22:37,B.E.  6 semester result examination held in April-May-2024 for NSIT students.,1,"LAMBODAR MISHRA, DATA ENTRY OPERATOR, EXAMINATION SECTION",https://www.imsnsit.org/imsnsit/plum_url.php?5hYYemG5paplMnHRaVvjorjPcPlBCt+7REbUQKfo/4tnwCnQqsAKs93UfrLziLO5M1rgzC4lZaouM6WhiUQcQP+sJ9ro/pRcOcj2rZJxE1PoVlGdpAyaazTvsSar0Bfvvt6OrUQyC4SL3szXinJ7/PcnM0fHcU+NQMkSa5j998BHTnq3yK82gw99GAC3h9Quvk44aX9UFdb4pSiU/7GfiA==
13,13-08-2024,01:22:37,Notice Regarding Unauthorized Freshers Party.,1,"Published By: Mr PANKAJ AGGARWAL, HEAD CLERK, PROCTOR OFFICE",https://www.imsnsit.org/imsnsit/plum_url.php?6OpdsLMNIvYfrbWa2yuXi2/ffmQCuOCT9rsedH0edN4Ayc7gYcmMkHNb1LAWjg0+s8dF2+oR9lCKlrObAfrtEgdIFxj6bT4IKnzkAet6Tn+Bd8htOPF4zY/WFEQVR41TdcAZPrmVYatBfTzyjvkAXx0A3sNnO5IL2V4XVtAHC3M5d7aj2VzqTfZ+uL+Dkv9ODqBp4tmdoe0NgNcTSDI9RHdkoA9hVo2QMyEGc9CFnHY=
14,13-08-2024,01:22:37,B.Tech Project guidelines for CSDA & CIOT students-East Campus,1,"PRAKASH RAO RAGIRI, ASSISTANT PROFESSOR, COMPUTER SCIENCE AND ENGINEERING(EAST)",https://www.imsnsit.org/imsnsit/plum_url.php?NmZDW1Zz49o6S8+0IImwhiUM0RuWzJ+Gs8W65razxQ6yYbBjinQ6IY3OVAXDtmkEclBTtbuRKLd5A2jihuQ26FkQ/Puo+zPsJWDUPzscymYiOTliNkwaWv42eCvzEEgNEZ7bk+IZUUFKAETR+na6wBxu2C36h4+ccBUuZsJ+VEbJQe+Ap5N1RF7xRBU/qg9IQ+VSOeatxCE9tV/WkvW9IA==
15,12-08-2024,01:22:37,Branch Upgradation for Newly Admitted B.Tech Students of 1st Semester 2024-25,1,"TARUN KUMAR RAWAT, CHAIRMAN, ADMISSION OFFICE",https://www.imsnsit.org/imsnsit/plum_url.php?2xduNpbfuBQ6UUzJB/EKlNlg8iWKcVqKO4jXBeNQw7T7FX2r1CHZQ6GdzYJKNp4BAVXKEk2frvntXydUkXHXvbuaiylDed5UaB1EiFRSA3XXEXQCKNAIojjTeI5zF4QBJosass6WlNskYvOJORcFQ9QYlIRK0YACV32n77QdFCMCGtie9/4lO9Lt+EDbEe8bhDtP+dYwN6iyPq9yKxOYssZzJOnwQPQsQ64t470kFvvWP55mvEOC/LjVw+XvGZ2L
16,12-08-2024,01:22:37,UFM Punishment Notice (For students who were caught in the End Sem Exams of Summer Semester held in July 2024),1,"Published By: Mr. DINESH KUMAR, EXAMINATION SECTION",https://www.imsnsit.org/imsnsit/plum_url.php?t0oxKvpJ4+O4mMyaAyZ13T5tjAN2j8Gvz8DNVPTUniEVzNsNp+tfqkwEB6iDUoj5WBtakAQC1WELhZ0vpFhYRbxNz1hlJ6YPvTUVCk2cHnECq548ZRZMIvvnUxNR9B77LXyOTN1kRGgWLNFWSW6Fzmv8RqKu3M0kGXCXjD1QuhXjnFD5Z9lqKtdBwcCbh+fgt/jlGe4y0scFGqucOSKsDg==
17,12-08-2024,01:22:37,TIMELINE FOR NSP AND E-DISTRICT SCHOLARSHIP (AISHE CODE : C-6379),1,"Published By: Mrs MAHESHWARI CHANDRA, SECTION OFFICER, ACADEMIC SECTION",https://www.imsnsit.org/imsnsit/plum_url.php?jASQKbGfngO6VPzgvzMY0lgrQgcammRfYK8Gx2jsZCeTCqequ6Nym5to2gH1gMB2Fg8tV5tFxWg6HArnp0x9jfOAGBnybQST/CJKwyxGyd28qGKKL8bmp0hjGG7gn0hOCtJbXVg8j/W2E59aWAMy93C6kCqAkl7wnfcjUnDcTucOUJ6Uum+44X6PH8+lvT9wc0GXhFWB+AejK8WJ4KxssENSSIy3W1XfWhjrNUXdhNQ=
18,12-08-2024,01:22:37,"EXAM REGISTRATION ON NPTEL (LAST DAY TODAY,12-08-2024)",1,"ANAND GUPTA, COORDINATOR NPTEL, COMPUTER SCIENCE AND ENGINEERING",https://www.imsnsit.org/imsnsit/plum_url.php?cnrLuScdBqHbJ+iXR2IhIFmD0/Qltn7f+tRsTCCu/Y6g53C9+JDGn7DVvspiwb2X0Ts3VYuGkBSbk9VO8s/I8093zZTxzS1kp5A4QuI2jGKOdGhw4O9NZaoRBLM9idnNvBWOC+vKgYdbIwhZhoPit8jdpAgFvxoGtT5n3oUfiWpVAGQ1S5BHuBbxTognfDyFLao7v+BIax2rGJuov8C04tx9dkiHRkdmyIbuvPrZ8CI=
19,10-08-2024,01:22:37,"Timetable for BTech 1st Semester, East Campus Students - CSDA, CSIOT, ECAM 1, ECAM 2",1,"VINAMRITA SINGH, ASSISTANT PROFESSOR, EAST CAMPUS",https://www.imsnsit.org/imsnsit/plum_url.php?ghnWU5NRp1QYu8My2TNcTYbL2BQfU0oWQyjml0xv/pXLtLpZyxYbCM7fbf430/RA+BBhBsRGVKdzJF5r08QZKmTZuMvdtpU9sDjWfZLyNdCkKYZZVisqrMsD6ACJV3GLR1SivhGQZuRsPA7iqi6eBT6xZk/BbQc/nTRGskaw/aY7Tvrn1hmyrwwa1oO7Egiq
20,10-08-2024,01:22:37,Cancellation of Admission of newly admitted students who have not paid the Balance Fee,1,"TARUN KUMAR RAWAT, CHAIRMAN, ADMISSION OFFICE",https://www.imsnsit.org/imsnsit/plum_url.php?Xm3KcbfEdZoMoXuZQ+ejNNF5m0M4rWaInOnbI6UYCNfope00sAAiFA7ksy5SjqTluBjBTvtU403q4MQ8IJAnWAWtoshdh5pBpAGirWPUht1MzFw0d782j4VzlZkoHYeRnzSviBHED4JnVITZqrG2WzSsVWLns0gYm/a6TK86f+egqBdj+oU4whbZYXq2I0SQi5h9+LB0iXJM/MBeVTrZjw==
21,10-08-2024,01:22:37,Summer Semester Practical Examination of the course code AEPH201 (Computational Physics Lab),1,"Published By: DR PARGIN BANGOTRA, ASSISTANT PROFESSOR, PHYSICS",https://www.imsnsit.org/imsnsit/plum_url.php?cygkUyMBHe2ZkIo+j4t/I8Fe5T/zU2Hcjf/TRgx5YZUhyqc3AtebLiMW59lWa/KmYbjsctp1JT/fKqL5zZjUXMN02CHiZqBwZvHuv87X6lEVT8843T2NeDbGbgwbCr2HMkM25MUegtBD9xnlaCtSr+G4t71ZEiL+rJaSnpHETIa/hRgZwVeTRmwlyI2mKoiABWD1SpG0/AzmsV3d4/+xXXfXqEoFehmx2Gm6kDN9leo=
22,09-08-2024,01:22:37,NOTIFICATION REGARDING STUDENT ARE ALLOW TO PAY THEIR ANNUAL FEE IN TWO INSTALLMENTS WITH FINE IN THE ACADEMIC SESSION 2024 - 2025,1,"Published By: Mrs MAHESHWARI CHANDRA, SECTION OFFICER, ACADEMIC SECTION",https://www.imsnsit.org/imsnsit/plum_url.php?m20QL6A0sUz5LPJBtVRcGQc/dWPLr9LGsCA1b4rb20gOUUZFiYgGoqXSqDwrVDNFoVh6nDLtJ9o8WfRyQw4NGgW7ED3DLtMg0EIOkA4r0AVhffvI/yBb8IA8ZuccrdXSYG9PyPP0aMSejQQ/VbNkljL7rjGU/2JWCGXqAigcJeeQLgk7iP6u2lrTIFANuagLwN40LucN9Ud2qRVMhcIAzw==
23,08-08-2024,01:22:37,NCC RECRUITMENTS 2024,1,"Published By: Dr. SUMITA DAHIYA, ASSISTANT PROFESSOR, MATHEMATICS",https://www.imsnsit.org/imsnsit/plum_url.php?DY+OXelUy+D8U75i6IFJM+ZnLUKDduyOtPkH4QeZJEadbykyZ0Wr6dmaDbV9FLfkVedSTnwUsIQO4jDvxNc3xNffHOeZrnT5hPjghPjnhOIaj4jFWKMhtJ5cHGDLyHD+d6LCtF47TNMSTmQqp3d/lTV9uQ00rY56V2TcOq4L0LZH5ALZcgXPS+eU5Z436pr9MQTlNzomYV+bSJKv7dHxxw==
24,08-08-2024,01:22:37,"BRAIN 2024 CONFERENCE SCHEDULE AND ROLE OF MODERATORS AT DMS, NSUT",1,"Published By: SH HIMANSHU, ASSISTANT PROFESSOR, MANAGEMENT STUDIES",https://www.imsnsit.org/imsnsit/plum_url.php?isJEZKE8DWldEaxTMr/bl7hUECxSrQEGT6VFzgFClG8CEZSG8Xq7TlogJWaldVhdZjdmzY/z/i037VFEVJqAwjBvD9zbr/Yu4dUB+bTdwMsUTAY9Xp6UbvrZ4UVRLqxLlJMYj7H5hk4VyKqYABZ5ydSnFJ27yi5ThRd63+4faWc/C+eJbzNlChiTBdGHZFdG9yXfVwiGcUK6nYkKBQ08tWm/WjdFPbvxYU5C6p/wFPHAbtP1AHBVFgqQUhYO1Cz2
25,07-08-2024,01:22:37,CANCELLATION OF ADMISSION OF I SEMESTER YEAR BACK,1,"Published By: Mrs MAHESHWARI CHANDRA, SECTION OFFICER, ACADEMIC SECTION",https://www.imsnsit.org/imsnsit/plum_url.php?H3bd1TOtyur4RTDDcf0qg2rGaSdyaWcMuWmrgAXrEGCvcdaiE3a7GzMdecjz68aDsRSUa8tv3qWcQ6RYU6nqYEdJhWHI6yPFjjqMd/2qZh0c7juqYLe9jqyGqs0SAg1UUMjkmsoBCqDoc4yfWTZfPnZAn5SrSLFrwvt9hCg/qR2JnWtD9KlThBe2IY4VqP4brErfuC1AiCEnO9i4MNHvaw==
26,07-08-2024,01:22:37,ATTENDANCE DURING FIRST YEAR UG STUDENT INDUCTION/ORIENTATION PROGRAM,1,"Published By: Dr. SUJATA SENGAR, ACADEMIC SECTION",https://www.imsnsit.org/imsnsit/plum_url.php?UMiRzGb2Yk3nOdJJjBJAWT0h0Nk1mmAXvTZoETxN1X/r7YQmC+b+Le+jPGlxVCJ+cZl4361/VI5oXyv9/hE2DVH4vgAILMvoGK9GaNwh5CwethqC5b+Svc4ZpTZvKHwU2qZyhPGiiRspa/w7utesUAud/GEgakOrsNHTUgbRFr4KBXtrYzrB2j+VJHugVUJpwH4KgqkvSTtpAY85Wgl6iQ==
27,07-08-2024,01:22:37,LAST MEETING FOR REDRESSAL OF COURSE REGISTRATION/RE-REGISTRATION ISSUES OF ALL SEMESTERS OF ALL PROGRAMMES,1,"Published By: Dr. SUJATA SENGAR, ACADEMIC SECTION",https://www.imsnsit.org/imsnsit/plum_url.php?TLoaXdV8fGHSsYASOkKJfFlM074qLdxPlef8dDFx9WiixXTFGETGmjqnWdp+u4yz/Go7ZfeNs2Hv7l7Y+S1/zj2aRZU5WO9Fv6L0dLPV1aJnZnU+Lw4KG7wLy03fbzqCg7iRhTtEVXL1oXVTOpxXgz2+ZVuxOkawBAfEtqrJhGGD2cb3KyQXheqtpi7vRh8Dp2VpL7h1/DgMAOJ88v1cZzsqNdZU+OTJRe8LY39HivM=
28,06-08-2024,01:22:37,Timetable for M.Sc.(Mathematics) Semester-III for 2024,1,"Published By: Dr. DEEPIKA SINGH, ASSISTANT PROFESSOR, MATHEMATICS",https://www.imsnsit.org/imsnsit/plum_url.php?Qv/n6fsMusyN9fOkr9sZgfmEhVdFCo017w8Y6eMd5M5FUbWJzor9ngutjgS4BI8gCEuQwRHk8DBV2RL/vd6bW9qvRud31jjMBJVQDaf8V7MfCjgAs2wztVw0/7zvY1HKgqoAZDLkLVsRlQVdYd7LTcAAihmA3xghGqskb3ZbuUm0CzWFVgbzSvWFgSva3nUrelTMf61A+gdYDpTccExz7Q==
29,06-08-2024,01:22:37,"Induction Program for newly admitted B.Tech. students, East Campus",1,"Published By: Mr SHANTANU DAS, ASSISTANT PROFESSOR, MATHEMATICS",https://www.imsnsit.org/imsnsit/plum_url.php?8P5YlOqCXlGAgkurEaC1FS7k53Z7Ja8/exVqx4NjUSDnqx89hkS87UjKEJzsMVF9fu3Wr6JiqqIcmko+kot1Pg6MRZH1nrUPYUdh+M6/uSkYLOgx/d6CKhhXn5rYMeCCLRvL5uEdrmc/m+SB7Tg5wmW8pwDKH/NHkTHtXsNEze8EcwAMMDmq8xrd9k58SIiXUkTZox6BJhlmH2xCbzOJbQ==
30,06-08-2024,01:22:37,"Schedule and Seating arrangement for the induction program for newly admitted students of the departments of Civil, Mechanical (EV), Geoinformatics, and Architecture & Planning, NSUT, West campus.",1,"PUNIT, JUNIOR MECHANIC, WEST CAMPUS",https://www.imsnsit.org/imsnsit/plum_url.php?5o9JK8TnpiErPflVI21fGpWi06GXYvTqQaR8rrAmm3IR/VDg2V6YKWS4MUzddwdzWypWP2LJFDFRk1WuB0drSUZJHy2A8f0/slzmdJt6HMf3Gi1Ttgl8psdcZ9aUzFfSBw6NKsw2VCyACP3zY6yWimg5LYS2YgnJIIJWW4iYl7BXlxvGw+H2SIxn+R3buPkOj5jCnyMTkPLRYx/5RFp1bJJIub3w5pfKAfAjAraC5hplciBizwUhOqR5zWtq0/ovpI0SYRV8otK0kMPd2xGMFg==
31,06-08-2024,01:22:37,URGENT NOTIFICATION FOR COMPLETION OF REGISTRATION PROCESS,1,"Published By: Mrs MAHESHWARI CHANDRA, SECTION OFFICER, ACADEMIC SECTION",https://www.imsnsit.org/imsnsit/plum_url.php?ZetaS+pA+NIG4NyPh9/CnKpfoGZbsaVPSUp+YnQNLP1ieHd1PU6ws+j3bnLE9Nq2xjo4iEY6Jp8RQ/hYf9FUup4lZgO1sTx8yHzSWxpoky6X6gkOlhJ0RRPC/o24I/fPMWKybd8duABoVZ0V9Y1/8R2ZdHj8ZXxZeHC2eJqMge48dz2OfGJ7QhT8NYJVNXDSpyVP45mQxzAespoJjUHvpQ==
32,06-08-2024,01:22:37,Timetable for M.Sc.(Mathematics) Semester-I for 2024,1,"BHAWNA GUPTA, ASSISTANT PROFESSOR, MATHEMATICS",https://www.imsnsit.org/imsnsit/plum_url.php?D6s1d7oSnyyLCbkBzArkmPhD+jCDBF1qSh1hYmmZY+u2CUlFkPhSqB2jvlhRGz+hym68Pqh2LJSeEj7td+tAw5crsvB7FcSEzYTN/xS+Sbgp1dAay9JxNaFWTimHh9cZmBqChCnn5jpcOAP+yzzbV3RGLvDRbFTY7BmPDywZ5AaeYfVJmf9IRcle8AJ08G+INWs0SM7epLuOGxx/eg0C9h5YONmC8V9H06BZcJxY3po=
33,06-08-2024,01:22:37,B.Tech Project guidelines for ECAM students-East Campus,1,"C.S.VINITHA, ASSISTANT PROFESSOR, ELECTRONICS AND COMMUNICATION ENGINEERING(EAST)",https://www.imsnsit.org/imsnsit/plum_url.php?GOJHoq82AT4YaWmNUAFzChce0Bua3P1sythUfsA5JsQLknis2Tse0fJ8hlv76CnfWnV7lTjW7s9gJr4/PA6Mte8Al+D2Tgit1sJv0jhsH6XHZWZNjRhOA393kek0HH+ibSDiWhaljOXpFHU5Fn0Q4DTWTc9UptrgO7aXMG6ltifwcnOQd7QIL0Vtqyssz8rwLS2CFRSfV3mEmMF3bu7NqA==
34,06-08-2024,01:22:37,1st Year Allotment Notice Saraswati and Alaknanda hostel,1,"GURCHARAN KAUR, HEAD CLERK, HOSTEL",https://www.imsnsit.org/imsnsit/plum_url.php?wlHPH5EToYCkPdxgqWRrWOwj33GTIPzIO8cl8j8fBHuQXuwLb46yanV9l5FM0lcN62iOkf2xanElhzTKdmmlVVZKiD7XzNs4cUAPzrfKqbSvvtP0Fs1hQsohDGD3/DyKkdOgEVKwZR6Pjd3DbvxAew7lbv717FMr7eK723stonjQn/YUf1drnHsjIEYzam3OFfvJwbUlN/BkA6gZLP5vOw==
35,06-08-2024,01:22:37,"B.E. consolidated result for NSIT students which is declared by University of Delhi on 5th August, 2024",1,"LAMBODAR MISHRA, DATA PROCESSOR, EXAMINATION SECTION",https://www.imsnsit.org/imsnsit/plum_url.php?YgyPl9HLRjL9rEebMTop6rCet1hXWOyLihsGrsOrGb6lGMviMIXpVFehLzGNSEhiuuY9YuYamhDx0keY37FkHqmh4Og04pwo1UPA/2FXFpr0+73sITkVmppLFIIgMsgaVn3ZeJfE7kVhChqONhqB9TYFK4AUCCMChzz7baqrwNz+VCSHlwf1dYXsKAteCrly7c5+gmjvCB9dWSncihQjlg==
36,06-08-2024,01:22:37,B.Tech. (ME/MPAE) 7th Semester â€“ Project I (MEMEC22/MPMEC22): Submission of Consent Form 2024-25,1,"VINAY PANWAR, ASSISTANT PROFESSOR, MECHANICAL ENGINEERING",https://www.imsnsit.org/imsnsit/plum_url.php?NaLgW5Aleh/OFZVY4icEq0gasmdvrWwayZN12CQkMPjYCD3ajLjvP7u5ycqJO7ICgEa5RMydXYfFHNkD0Ig9IZUoloMuIyq38uxUJphkRTnU57vBUCD2vb+Xs4ye3KVtS6xw4qtGjemrDPVNDFC10TbKCo6HzEBSUu8pCMaEKD7N26N0r11wsBf3VYPT0xlp2DtQcDv6g8al3u/RXDiQpAnrz4QgC7VmcRQlBmaiHRY=
37,05-08-2024,01:22:37,"Invitation to Orientation cum Induction Program for newly admitted students for AY 2024-25 at NSUT, West Campus.",1,"PUNIT, JUNIOR MECHANIC, WEST CAMPUS",https://www.imsnsit.org/imsnsit/plum_url.php?BuxyqFGsnGp08DRKHrkjzoyKAihZlCgIob7y3hrJQHBtd5+Q+mDjQeg8a5p/ftj5v+WWYUEmuFmJ2QgGdDxRGBUR3jRVcmI5ShLYnbfPbxwHXj8r03ZpAnr19J5i897lbiy50rFnur1lp39sZYiflKyYr2jXBx7ht0Oh6Y5jDVryFvNmGVj9WSiTjjpojcBp6YcswQ9zoD8ZZCE7xykToBiGVldEPReBx3Tg8IobcXAvggBD7LBhUwIi+lqLClE5N8BBGYUoJP99mQfbStq0ZyDhXYEcI4fgrovmbiMEAozpfCnV2ZhBFmtfd8C7IN8M
38,05-08-2024,01:22:37,"Orientation Schedule for West Campus, 06.08.2024",1,"NEHA GUPTA, ASSOCIATE PROFESSOR, ARCHITECTURE AND PLANNING",https://www.imsnsit.org/imsnsit/plum_url.php?jn/zRIjazP5cmnw+/GR9BjV3dXaJ3lcMUXvpGkh4D/ayrZCE87iR1/6UX/uWwf7GAk86Tm2zmr4kqokll4sT8dLrmwaMVtzur9kkqmKDLxq+ctDZAK3gONE+5JOcBviV+eo1ZwDOoiMcinCsaG0SF/nD7rhxrAE2NGFqUtxdHYO6VhTB4BcQn39cUSvyZ6J4dHfMEleHbqX6XMGcMnQmVNhK+1uIZzi5vvg92NZzEoQ=
39,05-08-2024,01:22:37,UTA notice for Mtech Bioinformatics - 1st and 3rd semester,1,"Published By: Dr. AKHILESH DUBEY, COORDINATOR, BIOLOGICAL SCIENCES AND ENGINEERING",https://www.imsnsit.org/imsnsit/plum_url.php?ByINRSk8lO4bq3o81lyTekmJ/AAE2di8n/wxnkS4WvEquzYgUUf6aVPhSdmmQAWUzKmPHlbPZUOCZadu7L8reorSctpPwV0pTrsVf+euPNIkZYk5EmgpbmHyb00H9habYdI1xx9dLpUujzDRV64DwKP25/WmicCwq+uKGgM4c7GeBymZiJBTSRq6bWFKGzsM
40,04-08-2024,01:22:37,ATTENDANCE GUIDELINES ODD SEM 2024-25,1,"Published By: Dr. SUJATA SENGAR, ACADEMIC SECTION",https://www.imsnsit.org/imsnsit/plum_url.php?hJ567TjspULzYjgSED4dcob2j5pOST2iBp5Ut8PmBQVadhuA4IxD2sBEwTFUb0iZCapYcpNqJHiMZajCxdkeqgEYnC7AQbL7PHfOkAsEGT137quYifPcfgrk89LV/37IvIvGVOmwqrcrsvZnjvyT8ZxodQAk7nojyiaT3qMZZKDiwUbH7UZs+zxjobttnkJX0j997j5Ak7FdNMGf1Yza+6POWMno8SEeB8jEYPMmbIwKSJAf4o9j++4U7d/7sG9U
41,04-08-2024,01:22:37,B.Tech Time Table (Physics)  of Main Campus (2024-2025) for odd term,1,"Published By: DR PARGIN BANGOTRA, ASSISTANT PROFESSOR, PHYSICS",https://www.imsnsit.org/imsnsit/plum_url.php?VfZsK2OjCSdf+D1Cqtc+FYEUULHu5mpwG9TuHtk4T7rHGBuj7/k/3ys6HJxDh2wHAYAfg/flc50izcXKj26f69YxkKpNH3P55eJUEAQDR54D/Nh8cjuLF3/WdF912YbolQCtdj2bI8pTsSW58mIR7X77SSZ4QXxohGmWrrCb9ouAECup97nWUxsEeqk79H+sUIlhZq7VZ7tx0+EUd6r8GnkA7a8qMM85JyL1qUzd4fI=
42,22-08-2024,19:02:59,Basketball Selection Trials (Men & Women)-2024-2025 First Year Students,1,"PRAVEEN SAROHA, OFFICER INCHARGE, PHYSICAL EDUCATION",https://www.imsnsit.org/imsnsit/plum_url.php?DyRY1vNC6Y7SSBJ7DsWM5lav5dxpveTrShNGtqjeHTkoM1adaPDDXLbIAmfN8Mckv88Dlc+T46MyAL8smZEwooLO6ZRBlsvdhHu2NSToGutOF32zK9mMJvgokpTLU+8PUemrsHbgZiEi0XnbsvWkI6K7NZ+xFcWsKdJl6NouHCdQkGGkP+Fm3PoPDWwgpbJfJbRGnzQzL94aGvQrfpFXtqYfGsgKgxoytvQnPUbbA8zGTI05ObhtjaGQJF/oCBa7
43,26-08-2024,20:07:42,University Lawn Tennis Selection Trials 2024-2025,1,"PRAVEEN SAROHA, OFFICER INCHARGE, PHYSICAL EDUCATION",https://www.imsnsit.org/imsnsit/plum_url.php?c8UUluH/RMxoOvL8dn3hm/99tPKQ6myoJ7l5qf9oi+ZePQvnRzqe138NW8gHCLt6YSumZxhXOeNAgBfmQ8u1J85r2prLvoIM23OK4D9Ifc+Fh4IXM2GefvHY5T+kNNpAovRq+T9WP87chPeN3vw274GRPJGvtirlW6IfCcGV5vHVDg7YSBmZwQSUhJPdcBomsjtk2QbcxwMtIs3c7UBCMA==
44,26-08-2024,20:07:42,University Athletics Selection Trials-2024-2025,1,"PRAVEEN SAROHA, OFFICER INCHARGE, PHYSICAL EDUCATION",https://www.imsnsit.org/imsnsit/plum_url.php?TV+nPNwxE45jCF/Nheqe72FlK2cKU+vNi6lK3EP0auLaYwOtSVecjoqly8ndOZlZbX0hBrHmZsRbKTrBDZyLLk3hVLnYiwSXs1mn7EXPQzH2E6xiWg6W7MRgoPtYC+/AUFCPjAdTv4eNoc9Jc9kN1zR/faWdv4EtB3BDqJvcUs0ycSMgqGZMWWFBZj3LDYA+QXq+RZynkVJU0yig+/HGX26G8i5vGArbyWMFbwfDRBA=
45,23-08-2024,20:07:42,UPDATED SCHOLARSHIP TIMELINE,1,"Published By: Mrs MAHESHWARI CHANDRA, SECTION OFFICER, ACADEMIC SECTION",https://www.imsnsit.org/imsnsit/plum_url.php?HupviGzh90wgHqgAUEqHPFZiP2y2uw+vE+x8D4foRzdf0GwZdnOICKTH5Oxc1jBuidi4f3DhOmsDgtAkoFlIUR0MnxMNRQKfgTBwtrALGjNY2juDj4cfBbJWCN4dnwW8YBKlaJcuqHUfuOMYasc0J0XvvaX+EetB2NK8YX+24D5/WO6Bs1g7Oh9VWNQneEWey+ky0exBnxRxo7Jwx9pPkmF8yJo9bxNO1H+TlpZ62X4=
46,23-08-2024,20:07:42,B.Tech. Project-I (COCSC/CACS/ CDCS/ CMCS)- List of Project along with Supervisor,1,"GEETANJALI RATHI, ASSISTANT PROFESSOR, COMPUTER SCIENCE AND ENGINEERING",https://www.imsnsit.org/imsnsit/plum_url.php?MOSXiFl4Zs/O9idTzfda9pYzOgxLcbR6pkwgMkuW+4nB8tKDjixxIzWzX85/SjSYcyhOH2GQZYhTXkNPWEyfQXdoctJJ8L/P0C994VNpsHmiT3YuG4MJa7Udg/LkvRmBC3153wyg56/gaoztt1Vbk5QIKh2/KadtsG93Jrv4vWxhn7e1UpKAD7Jbf1Fx0dNYtnqfRRj55IN5JXi9iZpRCkojmaa9ED/r+Hsvc0RzvaM=
